Time (NPT),Temperature (Celsius),Relative Humidity,col3,col4,col5,Weather,Precipitation,Missing
2025-10-23 12:00:00,-4.833,61.82,0.0,1094.0,0,NP,0.0,False
2025-10-23 13:00:00,-4.777,39.08,0.0,1094.0,0,NP,0.0,False
2025-10-23 14:00:00,-4.813,34.62,0.0,1094.0,0,NP,0.0,False
2025-10-23 15:00:00,-6.944,52.48,0.0,1094.0,0,NP,0.0,False
2025-10-23 16:00:00,-6.979,46.72,0.0,1094.0,0,NP,0.0,False
2025-10-23 17:00:00,-7.296,44.58,0.0,1094.0,0,NP,0.0,False
2025-10-23 18:00:00,-6.868,35.46,0.0,1094.0,0,NP,0.0,False
2025-10-23 19:00:00,-7.063,34.88,0.0,1093.0,0,NP,0.0,False
2025-10-23 20:00:00,-8.4,47.62,0.0,1093.0,0,NP,0.0,False
2025-10-23 21:00:00,-8.68,48.91,0.0,1093.0,0,NP,0.0,False
2025-10-23 22:00:00,-8.03,35.26,0.0,1093.0,0,NP,0.0,False
2025-10-23 23:00:00,-6.716,28.66,0.0,1093.0,0,NP,0.0,False
2025-10-24 00:00:00,-7.073,24.98,0.0,1093.0,0,NP,0.0,False
2025-10-24 01:00:00,-8.46,32.16,0.0,1093.0,108.1,NP,0.0,False
2025-10-24 02:00:00,-13.06,10.49,22.74,8.38,462.1,,0.0,True
2025-10-24 03:00:00,-2.757,9.78,0.0,1093.0,0,NP,1084.6,False
2025-10-24 04:00:00,-9.84,10.52,720.6,6.958,463,,0.0,True
2025-10-24 05:00:00,-1.835,38.98,0.0,1093.0,0,NP,1086.0,False
2025-10-24 06:00:00,-1.861,41.95,0.0,1093.0,0,NP,0.0,False
2025-10-24 07:00:00,-1.95,52.9,0.0,1093.0,0,NP,0.0,False
2025-10-24 08:00:00,-1.851,67.52,0.0,1092.0,0,NP,0.0,False
2025-10-24 09:00:00,-8.78,9.43,649.3,7.847,461.5,,0.0,True
2025-10-24 10:00:00,-2.985,73.71,0.0,1092.0,0,NP,1084.2,False
2025-10-24 11:00:00,-10.27,13.28,21.94,5.217,460.9,,0.0,True
2025-10-24 12:00:00,-12.95,22.91,-5.06,7.069,461.4,,1.9,True
2025-10-24 13:00:00,-6.308,99.9,0.0,1092.0,0,NP,1084.9,False
2025-10-24 14:00:00,-12.67,20.08,-4.18,6.614,461.8,,0.0,True
2025-10-24 15:00:00,-3.457,20.29,0.0,1092.0,0,NP,1085.4,False
2025-10-24 16:00:00,-3.567,16.42,0.0,1092.0,0,NP,0.0,False
2025-10-24 17:00:00,-14.14,17.36,-5.34,5.864,462.3,,0.0,True
2025-10-24 18:00:00,-12.54,11.54,-4.52,8.78,462.2,,2.9,True
2025-10-24 19:00:00,-12.15,8.48,-4.64,8.95,461.8,,0.2,True
2025-10-24 20:00:00,-12.97,10.46,-4.2,7.097,461.9,,0.0,True
2025-10-24 21:00:00,-4.487,13.59,0.0,1091.0,0,NP,1083.9,False
2025-10-24 22:00:00,-12.58,9.89,-4.26,7.394,460.9,,0.0,True
2025-10-24 23:00:00,-5.6,23.37,0.0,1091.0,0,NP,1083.6,False
2025-10-25 00:00:00,-13.42,11.6,-4.55,9.0,NAN,,0.0,True
2025-10-25 01:00:00,-5.398,20.88,0.0,1091.0,0,NP,1082.0,False
2025-10-25 02:00:00,-5.081,14.89,0.0,1091.0,0,NP,0.0,False
2025-10-25 03:00:00,-2.663,12.18,0.0,1091.0,0,NP,0.0,False
2025-10-25 04:00:00,-1.667,14.09,0.0,1090.0,0,NP,0.0,False
2025-10-25 05:00:00,-1.244,14.64,0.0,1090.0,0,NP,0.0,False
2025-10-25 06:00:00,-0.455,17.85,0.0,1090.0,0,NP,0.0,False
2025-10-25 07:00:00,-0.049,21.32,0.0,1090.0,0,NP,0.0,False
2025-10-25 08:00:00,-0.078,28.49,0.0,1090.0,0,NP,0.0,False
2025-10-25 09:00:00,-0.962,29.23,0.0,1090.0,0,NP,0.0,False
2025-10-25 10:00:00,-1.85,22.03,0.0,1090.0,0,NP,0.0,False
2025-10-25 11:00:00,-3.164,41.72,0.0,1090.0,0,NP,0.0,False
2025-10-25 12:00:00,-3.254,16.72,0.0,1090.0,0,NP,0.0,False
2025-10-25 13:00:00,-3.597,13.81,0.0,1090.0,0,NP,0.0,False
2025-10-25 14:00:00,-3.482,13.57,0.0,1090.0,0,NP,0.0,False
2025-10-25 15:00:00,-3.998,12.73,0.0,1089.0,0,NP,0.0,False
2025-10-25 16:00:00,-5.282,28.23,0.0,1089.0,0,NP,0.0,False
2025-10-25 17:00:00,-5.058,22.13,0.0,1089.0,0,NP,0.0,False
2025-10-25 18:00:00,-5.564,24.04,0.0,1089.0,0,NP,0.0,False
2025-10-25 19:00:00,-5.608,18.53,0.0,1089.0,0,NP,0.0,False
2025-10-25 20:00:00,-5.341,8.88,0.0,1089.0,0,NP,0.0,False
2025-10-25 21:00:00,-5.804,12.37,0.0,1089.0,0,NP,0.0,False
2025-10-25 22:00:00,-6.003,12.94,0.0,1089.0,0,NP,0.0,False
2025-10-25 23:00:00,-5.968,16.61,0.0,1088.0,0,NP,0.0,False
2025-10-26 00:00:00,-5.481,7.966,0.0,1088.0,0,NP,0.0,False
2025-10-26 01:00:00,-6.468,19.42,0.0,1088.0,108.1,NP,0.0,False
2025-10-26 02:00:00,-6.198,14.34,0.0,1088.0,0,NP,0.0,False
2025-10-26 03:00:00,-2.584,14.06,0.0,1088.0,0,NP,0.0,False
2025-10-26 04:00:00,-2.859,20.26,0.0,1088.0,0,NP,0.0,False
2025-10-26 05:00:00,-1.144,12.95,0.0,1088.0,0,NP,0.0,False
2025-10-26 06:00:00,-0.715,13.15,0.0,1088.0,0,NP,0.0,False
2025-10-26 07:00:00,-0.458,15.97,0.0,1088.0,0,NP,0.0,False
2025-10-26 08:00:00,-0.616,28.6,0.0,1088.0,0,NP,0.0,False
2025-10-26 09:00:00,-0.733,41.4,0.0,1088.0,0,NP,0.0,False
2025-10-26 10:00:00,-2.16,59.91,0.0,1087.0,0,NP,0.0,False
2025-10-26 11:00:00,-3.92,73.43,0.0,1087.0,0,NP,0.0,False
2025-10-26 12:00:00,-5.496,91.8,0.0,1087.0,0,NP,0.0,False
2025-10-26 13:00:00,-5.264,87.1,0.0,1087.0,0,NP,0.0,False
2025-10-26 14:00:00,-6.622,98.1,0.0,1087.0,0,NP,0.0,False
2025-10-26 15:00:00,-4.834,63.96,0.0,1087.0,0,NP,0.0,False
2025-10-26 16:00:00,-5.031,61.57,0.0,1087.0,0,NP,0.0,False
2025-10-26 17:00:00,-6.546,81.8,0.0,1087.0,0,NP,0.0,False
2025-10-26 18:00:00,-6.549,77.19,0.0,1087.0,0,NP,0.0,False
2025-10-26 19:00:00,-7.137,73.33,0.0,1087.0,0,NP,0.0,False
2025-10-26 20:00:00,-7.293,73.34,0.0,1087.0,0,NP,0.0,False
2025-10-26 21:00:00,-6.752,61.13,0.0,1087.0,0,NP,0.0,False
2025-10-26 22:00:00,-4.967,36.38,0.0,1087.0,0,NP,0.0,False
2025-10-26 23:00:00,-5.865,42.9,0.0,1087.0,0,NP,0.0,False
2025-10-27 00:00:00,-6.056,51.01,0.0,1087.0,0,NP,0.0,False
2025-10-27 01:00:00,-6.244,50.34,0.0,1087.0,0,NP,0.0,False
2025-10-27 02:00:00,-5.062,40.89,0.0,1087.0,0,NP,0.0,False
2025-10-27 03:00:00,-3.885,37.43,0.0,1087.0,0,NP,0.0,False
2025-10-27 04:00:00,-0.523,27.44,0.0,1087.0,0,NP,0.0,False
2025-10-27 05:00:00,-0.345,17.59,0.0,1087.0,0,NP,0.0,False
2025-10-27 06:00:00,-0.286,40.22,0.0,1087.0,0,NP,0.0,False
2025-10-27 07:00:00,-0.406,35.44,0.0,1087.0,0,NP,0.0,False
2025-10-27 08:00:00,-1.037,53.57,0.0,1087.0,0,NP,0.0,False
2025-10-27 09:00:00,0.031,32.1,0.0,1086.0,0,NP,0.0,False
2025-10-27 10:00:00,-0.671,51.44,0.0,1086.0,0,NP,0.0,False
2025-10-27 11:00:00,-2.473,87.7,0.0,1086.0,0,NP,0.0,False
2025-10-27 12:00:00,-2.625,92.8,0.0,1086.0,0,NP,0.0,False
2025-10-27 13:00:00,-3.712,98.0,0.0,1086.0,0,NP,0.0,False
2025-10-27 14:00:00,-4.182,99.8,0.0,1086.0,0,NP,0.0,False
2025-10-27 15:00:00,-4.041,99.9,88.0,1086.0,0,GP+,0.0,False
2025-10-27 16:00:00,-4.178,83.0,0.0,1086.0,0,NP,0.0,False
2025-10-27 17:00:00,-5.011,97.8,72.0,1087.0,0.26,SN,1.0,False
2025-10-27 18:00:00,-5.28,99.8,72.0,1087.0,0.4,SN,0.0,False
2025-10-27 19:00:00,-5.281,99.9,72.0,1088.0,1.22,SN,1.0,False
2025-10-27 20:00:00,-5.512,99.8,71.0,1090.0,1.3,SN-,2.0,False
2025-10-27 21:00:00,-4.212,99.8,71.0,1090.0,0.85,SN-,0.0,False
2025-10-27 22:00:00,-5.068,99.8,71.0,1091.0,0.7,SN-,1.0,False
2025-10-27 23:00:00,-3.415,99.5,72.0,1092.0,1.37,SN,1.0,False
2025-10-28 00:00:00,-3.36,99.9,72.0,1094.0,1.74,SN,2.0,False
2025-10-28 01:00:00,-3.348,99.8,72.0,1096.0,117.4,SN,2.0,False
2025-10-28 02:00:00,-3.13,99.8,72.0,1096.0,0.57,SN,0.0,False
2025-10-28 03:00:00,-3.57,99.8,73.0,1097.0,1.09,SN+,1.0,False
2025-10-28 04:00:00,-3.376,99.9,72.0,1099.0,1.59,SN,2.0,False
2025-10-28 05:00:00,-2.951,99.8,72.0,1100.0,0.99,SN,1.0,False
2025-10-28 06:00:00,-3.105,99.8,72.0,1101.0,0.9,SN,1.0,False
2025-10-28 07:00:00,-3.012,99.8,72.0,1101.0,0.55,SN,0.0,False
2025-10-28 08:00:00,-2.99,99.8,72.0,1102.0,0.68,SN,1.0,False
2025-10-28 09:00:00,-3.029,99.8,72.0,1102.0,0.26,SN,0.0,False
2025-10-28 10:00:00,-3.875,99.8,71.0,1103.0,0.2,SN-,1.0,False
2025-10-28 11:00:00,-4.312,99.9,73.0,1103.0,0.44,SN+,0.0,False
2025-10-28 12:00:00,-4.055,99.9,0.0,1103.0,0.09,NP,0.0,False
2025-10-28 13:00:00,-4.044,99.9,0.0,1103.0,0,NP,0.0,False
2025-10-28 14:00:00,-4.697,99.9,0.0,1103.0,0,NP,0.0,False
2025-10-28 15:00:00,-4.394,99.8,0.0,1103.0,0,NP,0.0,False
2025-10-28 16:00:00,-3.967,99.9,71.0,1103.0,0,SN-,0.0,False
2025-10-28 17:00:00,-3.912,100.0,0.0,1103.0,0,NP,0.0,False
2025-10-28 18:00:00,-4.218,99.8,0.0,1103.0,0,NP,0.0,False
2025-10-28 19:00:00,-3.763,97.9,88.0,1103.0,0,GP+,0.0,False
2025-10-28 20:00:00,-4.262,97.8,0.0,1103.0,0,NP,0.0,False
2025-10-28 21:00:00,-4.58,99.8,72.0,1103.0,0,SN,0.0,False
2025-10-28 22:00:00,-4.525,99.8,71.0,1103.0,0.23,SN-,0.0,False
2025-10-28 23:00:00,-4.303,99.8,0.0,1103.0,0.28,NP,0.0,False
2025-10-29 00:00:00,-3.802,99.8,0.0,1104.0,0.07,NP,1.0,False
2025-10-29 01:00:00,-3.321,99.8,71.0,1104.0,0.21,SN-,0.0,False
2025-10-29 02:00:00,-3.403,99.8,72.0,1105.0,1.07,SN,1.0,False
2025-10-29 03:00:00,-2.503,99.8,72.0,1106.0,0.68,SN,1.0,False
2025-10-29 04:00:00,-2.199,99.8,71.0,1107.0,1.04,SN-,1.0,False
2025-10-29 05:00:00,-1.796,99.9,61.0,1107.0,0.4,RN-,0.0,False
2025-10-29 06:00:00,-1.71,97.9,61.0,1107.0,0.35,RN-,0.0,False
2025-10-29 07:00:00,-1.668,96.6,61.0,1107.0,0,RN-,0.0,False
2025-10-29 08:00:00,-2.371,99.8,61.0,1107.0,0,RN-,0.0,False
2025-10-29 09:00:00,-1.847,97.5,0.0,1107.0,0,NP,0.0,False
2025-10-29 10:00:00,-2.302,96.1,0.0,1108.0,0,NP,1.0,False
2025-10-29 11:00:00,-2.864,99.8,0.0,1108.0,0,NP,0.0,False
2025-10-29 12:00:00,-2.504,97.8,0.0,1108.0,0,NP,0.0,False
2025-10-29 13:00:00,-2.959,99.9,72.0,1108.0,0.58,SN,0.0,False
2025-10-29 14:00:00,-2.574,97.5,71.0,1109.0,0.89,SN-,1.0,False
2025-10-29 15:00:00,-2.344,94.3,0.0,1109.0,0,NP,0.0,False
2025-10-29 16:00:00,-2.895,99.8,0.0,1109.0,0.15,NP,0.0,False
2025-10-29 17:00:00,-3.314,99.9,71.0,1109.0,0,SN-,0.0,False
2025-10-29 18:00:00,-2.826,98.8,71.0,1110.0,0,SN-,1.0,False
2025-10-29 19:00:00,-3.642,99.8,0.0,1110.0,0,NP,0.0,False
2025-10-29 20:00:00,-3.371,98.3,0.0,1110.0,0,NP,0.0,False
2025-10-29 21:00:00,-3.278,99.9,0.0,1110.0,0.11,NP,0.0,False
2025-10-29 22:00:00,-3.413,99.0,0.0,1110.0,0,NP,0.0,False
2025-10-29 23:00:00,-3.226,99.9,0.0,1110.0,0.36,NP,0.0,False
2025-10-30 00:00:00,-3.451,99.9,71.0,1110.0,0.22,SN-,0.0,False
2025-10-30 01:00:00,-3.466,99.9,0.0,1111.0,131.7,NP,1.0,False
2025-10-30 02:00:00,-2.705,99.8,0.0,1111.0,0,NP,0.0,False
2025-10-30 03:00:00,-1.529,99.0,0.0,1111.0,0.36,NP,0.0,False
2025-10-30 04:00:00,-0.435,95.7,51.0,1111.0,0,UP,0.0,False
2025-10-30 05:00:00,-1.302,99.9,62.0,1113.0,1.34,RN,2.0,False
2025-10-30 06:00:00,-1.404,99.8,72.0,1115.0,2.35,SN,2.0,False
2025-10-30 07:00:00,-1.797,99.8,73.0,1118.0,3.03,SN+,3.0,False
2025-10-30 08:00:00,-1.767,99.8,73.0,1121.0,3.35,SN+,3.0,False
2025-10-30 09:00:00,-1.835,99.8,73.0,1123.0,1.98,SN+,2.0,False
2025-10-30 10:00:00,-1.843,99.8,73.0,1124.0,0.85,SN+,1.0,False
2025-10-30 11:00:00,-1.738,99.9,0.0,1124.0,0.06,NP,0.0,False
2025-10-30 12:00:00,-2.038,99.9,73.0,1127.0,2.17,SN+,3.0,False
2025-10-30 13:00:00,-2.501,99.9,73.0,1132.0,5.03,SN+,5.0,False
2025-10-30 14:00:00,-2.053,99.9,72.0,1135.0,3.91,SN,3.0,False
2025-10-30 15:00:00,-2.402,99.9,73.0,1137.0,1.04,SN+,2.0,False
2025-10-30 16:00:00,-2.267,99.8,72.0,1139.0,2.14,SN,2.0,False
2025-10-30 17:00:00,-2.273,99.8,72.0,1139.0,0.43,SN,0.0,False
2025-10-30 18:00:00,-2.079,99.9,71.0,1140.0,0.83,SN-,1.0,False
2025-10-30 19:00:00,-2.194,99.9,72.0,1142.0,2.28,SN,2.0,False
2025-10-30 20:00:00,-2.015,99.8,73.0,1144.0,1.31,SN+,2.0,False
2025-10-30 21:00:00,-1.963,99.9,88.0,1146.0,2.37,GP+,2.0,False
2025-10-30 22:00:00,,,,,,,0.0,True
2025-10-30 23:00:00,-2.224,99.8,73.0,1150.0,2.98,SN+,0.0,False
2025-10-31 00:00:00,-2.082,99.8,72.0,1151.0,1.08,SN,1.0,False
2025-10-31 01:00:00,-2.496,99.8,0.0,1151.0,0.24,NP,0.0,False
2025-10-31 02:00:00,-1.718,99.8,0.0,1151.0,0.13,NP,0.0,False
2025-10-31 03:00:00,-0.274,99.8,0.0,1153.0,2.1,NP,2.0,False
2025-10-31 04:00:00,0.159,99.9,0.0,1153.0,0,NP,0.0,False
2025-10-31 05:00:00,0.103,99.8,0.0,1153.0,0.34,NP,0.0,False
2025-10-31 06:00:00,-0.248,99.9,61.0,1153.0,0,RN-,0.0,False
2025-10-31 07:00:00,-0.649,99.9,61.0,1154.0,0.83,RN-,1.0,False
2025-10-31 08:00:00,-0.238,99.8,0.0,1154.0,0.06,NP,0.0,False
2025-10-31 09:00:00,-0.402,100.0,0.0,1154.0,0,NP,0.0,False
2025-10-31 10:00:00,-1.142,99.8,57.0,1154.0,0,UP,0.0,False
2025-10-31 11:00:00,-1.172,99.9,0.0,1154.0,0,NP,0.0,False
2025-10-31 12:00:00,-1.487,99.8,71.0,1154.0,0,SN-,0.0,False
2025-10-31 13:00:00,-1.52,99.8,0.0,1155.0,0,NP,1.0,False
2025-10-31 14:00:00,-1.521,99.9,71.0,1155.0,0.41,SN-,0.0,False
2025-10-31 15:00:00,-1.662,99.8,0.0,1155.0,0,NP,0.0,False
2025-10-31 16:00:00,-1.95,99.8,0.0,1155.0,0,NP,0.0,False
2025-10-31 17:00:00,-2.193,99.8,0.0,1155.0,0,NP,0.0,False
2025-10-31 18:00:00,-2.553,99.9,0.0,1155.0,0,NP,0.0,False
2025-10-31 19:00:00,-2.624,99.8,0.0,1155.0,0,NP,0.0,False
2025-10-31 20:00:00,-2.792,99.9,0.0,1155.0,0,NP,0.0,False
2025-10-31 21:00:00,-2.735,99.9,0.0,1155.0,0,NP,0.0,False
2025-10-31 22:00:00,-2.853,99.8,0.0,1155.0,0,NP,0.0,False
2025-10-31 23:00:00,-2.995,99.9,0.0,1155.0,0,NP,0.0,False
2025-11-01 00:00:00,-2.951,99.8,0.0,1155.0,0,NP,0.0,False
2025-11-01 01:00:00,-3.211,99.8,71.0,1155.0,175.5,SN-,0.0,False
2025-11-01 02:00:00,-3.526,99.9,0.0,1155.0,0,NP,0.0,False
2025-11-01 03:00:00,-2.12,99.8,0.0,1155.0,0,NP,0.0,False
2025-11-01 04:00:00,-1.152,99.8,61.0,1154.0,0,RN-,0.0,False
2025-11-01 05:00:00,-1.251,99.9,61.0,1155.0,0.87,RN-,1.0,False
2025-11-01 06:00:00,-0.385,99.8,61.0,1156.0,1.03,RN-,1.0,False
2025-11-01 07:00:00,0.433,100.0,0.0,1156.0,0,NP,0.0,False
2025-11-01 08:00:00,0.274,99.9,0.0,1156.0,0.34,NP,0.0,False
2025-11-01 09:00:00,0.199,99.9,0.0,1156.0,0.38,NP,0.0,False
2025-11-01 10:00:00,-0.238,99.8,0.0,1156.0,0,NP,0.0,False
2025-11-01 11:00:00,-2.476,99.8,0.0,1157.0,0.35,NP,1.0,False
2025-11-01 12:00:00,-3.613,99.8,0.0,1157.0,0,NP,0.0,False
2025-11-01 13:00:00,-4.127,100.0,0.0,1157.0,0,NP,0.0,False
2025-11-01 14:00:00,-5.637,99.9,0.0,1157.0,0,NP,0.0,False
2025-11-01 15:00:00,-5.735,97.4,0.0,1156.0,0,NP,0.0,False
2025-11-01 16:00:00,-5.988,95.1,0.0,1156.0,0,NP,0.0,False
2025-11-01 17:00:00,-6.545,93.5,0.0,1156.0,0,NP,0.0,False
2025-11-01 18:00:00,-6.662,92.4,0.0,1156.0,0,NP,0.0,False
2025-11-01 19:00:00,-7.689,82.3,0.0,1156.0,0,NP,0.0,False
2025-11-01 20:00:00,-7.436,73.97,0.0,1156.0,0,NP,0.0,False
2025-11-01 21:00:00,-7.712,58.9,0.0,1156.0,0,NP,0.0,False
2025-11-01 22:00:00,-7.691,52.66,0.0,1156.0,0,NP,0.0,False
2025-11-01 23:00:00,-8.19,49.35,0.0,1156.0,0,NP,0.0,False
2025-11-02 00:00:00,-7.107,43.11,0.0,1156.0,0,NP,0.0,False
2025-11-02 01:00:00,-7.868,42.78,0.0,1156.0,0,NP,0.0,False
2025-11-02 02:00:00,-6.211,35.23,0.0,1155.0,0,NP,0.0,False
2025-11-02 03:00:00,-3.926,32.15,0.0,1155.0,0,NP,0.0,False
2025-11-02 04:00:00,2.103,41.03,0.0,1155.0,0,NP,0.0,False
2025-11-02 05:00:00,-1.792,45.59,0.0,1155.0,0,NP,0.0,False
2025-11-02 06:00:00,0.144,49.75,0.0,1155.0,0,NP,0.0,False
2025-11-02 07:00:00,0.401,48.82,0.0,1155.0,0,NP,0.0,False
2025-11-02 08:00:00,-0.237,51.15,0.0,1155.0,0,NP,0.0,False
2025-11-02 09:00:00,-0.423,60.94,0.0,1155.0,0,NP,0.0,False
2025-11-02 10:00:00,-3.036,77.97,0.0,1155.0,0,NP,0.0,False
2025-11-02 11:00:00,-4.655,99.8,0.0,1155.0,0,NP,0.0,False
2025-11-02 12:00:00,-4.839,90.1,0.0,1155.0,0,NP,0.0,False
2025-11-02 13:00:00,-4.737,72.82,0.0,1155.0,0,NP,0.0,False
2025-11-02 14:00:00,-4.303,46.42,0.0,1155.0,0,NP,0.0,False
2025-11-02 15:00:00,-3.484,33.74,0.0,1155.0,0,NP,0.0,False
2025-11-02 16:00:00,-5.067,36.34,0.0,1155.0,0,NP,0.0,False
2025-11-02 17:00:00,-3.49,32.76,0.0,1154.0,0,NP,0.0,False
2025-11-02 18:00:00,-4.624,30.12,0.0,1154.0,0,NP,0.0,False
2025-11-02 19:00:00,-3.875,22.22,0.0,1154.0,0,NP,0.0,False
2025-11-02 20:00:00,-4.144,23.62,0.0,1154.0,0,NP,0.0,False
2025-11-02 21:00:00,-2.728,15.93,0.0,1154.0,0,NP,0.0,False
2025-11-02 22:00:00,-3.326,18.99,0.0,1154.0,0,NP,0.0,False
2025-11-02 23:00:00,-2.243,13.79,0.0,1154.0,0,NP,0.0,False
2025-11-03 00:00:00,-1.584,11.82,0.0,1153.0,0,NP,0.0,False
2025-11-03 01:00:00,-1.322,12.0,0.0,1153.0,178.5,NP,0.0,False
2025-11-03 02:00:00,-3.986,21.66,0.0,1153.0,0,NP,0.0,False
2025-11-03 03:00:00,-1.161,19.42,0.0,1153.0,0,NP,0.0,False
2025-11-03 04:00:00,4.376,11.78,0.0,1153.0,0,NP,0.0,False
2025-11-03 05:00:00,4.464,20.48,0.0,1153.0,0,NP,0.0,False
2025-11-03 06:00:00,4.516,21.68,0.0,1153.0,0,NP,0.0,False
2025-11-03 07:00:00,5.825,12.28,0.0,1153.0,0,NP,0.0,False
2025-11-03 08:00:00,5.468,24.55,0.0,1153.0,0,NP,0.0,False
2025-11-03 09:00:00,4.832,24.96,0.0,1153.0,0,NP,0.0,False
2025-11-03 10:00:00,-0.155,51.26,0.0,1152.0,0,NP,0.0,False
2025-11-03 11:00:00,-0.73,39.75,0.0,1153.0,0,NP,1.0,False
2025-11-03 12:00:00,-1.194,25.63,0.0,1153.0,0,NP,0.0,False
2025-11-03 13:00:00,-2.651,32.96,0.0,1153.0,0,NP,0.0,False
2025-11-03 14:00:00,-3.211,28.85,0.0,1152.0,0,NP,0.0,False
2025-11-03 15:00:00,-2.177,22.56,0.0,1152.0,0,NP,0.0,False
2025-11-03 16:00:00,-3.258,23.58,0.0,1152.0,0,NP,0.0,False
2025-11-03 17:00:00,-2.825,19.38,0.0,1152.0,0,NP,0.0,False
2025-11-03 18:00:00,-4.829,25.57,0.0,1152.0,0,NP,0.0,False
2025-11-03 19:00:00,-4.144,22.58,0.0,1152.0,0,NP,0.0,False
2025-11-03 20:00:00,-3.204,16.85,0.0,1151.0,0,NP,0.0,False
2025-11-03 21:00:00,-2.735,16.03,0.0,1151.0,0,NP,0.0,False
2025-11-03 22:00:00,-1.902,10.2,0.0,1151.0,0,NP,0.0,False
2025-11-03 23:00:00,-1.398,10.79,0.0,1151.0,0,NP,0.0,False
2025-11-04 00:00:00,-2.489,11.25,0.0,1151.0,0,NP,0.0,False
2025-11-04 01:00:00,-2.047,8.04,0.0,1151.0,0,NP,0.0,False
2025-11-04 02:00:00,-1.85,10.6,0.0,1151.0,0,NP,0.0,False
2025-11-04 03:00:00,-1.421,15.6,0.0,1150.0,0,NP,0.0,False
2025-11-04 04:00:00,2.122,12.44,0.0,1150.0,0,NP,0.0,False
2025-11-04 05:00:00,2.606,16.29,0.0,1150.0,0,NP,0.0,False
2025-11-04 06:00:00,2.558,22.67,0.0,1150.0,0,NP,0.0,False
2025-11-04 07:00:00,-0.169,49.22,0.0,1150.0,0,NP,0.0,False
2025-11-04 08:00:00,0.259,46.26,0.0,1150.0,0,NP,0.0,False
2025-11-04 09:00:00,-1.433,75.84,0.0,1150.0,0,NP,0.0,False
2025-11-04 10:00:00,-2.745,89.9,0.0,1150.0,0,NP,0.0,False
2025-11-04 11:00:00,-4.472,92.8,0.0,1150.0,0,NP,0.0,False
2025-11-04 12:00:00,-5.117,95.2,0.0,1150.0,0,NP,0.0,False
2025-11-04 13:00:00,-5.216,60.6,0.0,1150.0,0,NP,0.0,False
2025-11-04 14:00:00,-4.891,54.15,0.0,1150.0,0,NP,0.0,False
2025-11-04 15:00:00,-3.9,43.03,0.0,1150.0,0,NP,0.0,False
2025-11-04 16:00:00,-5.523,45.34,0.0,1150.0,0,NP,0.0,False
2025-11-04 17:00:00,-4.596,48.84,0.0,1149.0,0,NP,0.0,False
2025-11-04 18:00:00,-5.693,53.19,0.0,1149.0,0,NP,0.0,False
2025-11-04 19:00:00,-4.145,48.57,0.0,1149.0,0,NP,0.0,False
2025-11-04 20:00:00,-6.451,53.98,0.0,1149.0,0,NP,0.0,False
2025-11-04 21:00:00,-6.144,54.29,0.0,1149.0,0,NP,0.0,False
2025-11-04 22:00:00,-6.626,59.07,0.0,1149.0,0,NP,0.0,False
2025-11-04 23:00:00,-6.103,48.99,0.0,1149.0,0,NP,0.0,False
2025-11-05 00:00:00,-6.523,42.63,0.0,1149.0,0,NP,0.0,False
2025-11-05 01:00:00,-5.953,37.1,0.0,1149.0,178.5,NP,0.0,False
2025-11-05 02:00:00,-5.222,32.08,0.0,1149.0,0,NP,0.0,False
2025-11-05 03:00:00,-3.699,41.13,0.0,1149.0,0,NP,0.0,False
2025-11-05 04:00:00,-2.809,40.8,0.0,1149.0,0.3,NP,0.0,False
2025-11-05 05:00:00,-2.037,51.75,0.0,1149.0,0,NP,0.0,False
2025-11-05 06:00:00,-2.416,60.84,0.0,1148.0,0,NP,0.0,False
2025-11-05 07:00:00,-2.706,69.43,0.0,1148.0,0,NP,0.0,False
2025-11-05 08:00:00,-2.119,74.26,0.0,1148.0,0,NP,0.0,False
2025-11-05 09:00:00,-2.658,80.1,0.0,1148.0,0,NP,0.0,False
2025-11-05 10:00:00,-4.58,99.5,0.0,1148.0,0,NP,0.0,False
2025-11-05 11:00:00,-5.644,99.8,0.0,1148.0,0,NP,0.0,False
2025-11-05 12:00:00,-6.786,98.6,0.0,1148.0,0,NP,0.0,False
2025-11-05 13:00:00,-7.751,93.7,0.0,1148.0,0,NP,0.0,False
2025-11-05 14:00:00,-7.973,82.0,0.0,1148.0,0,NP,0.0,False
2025-11-05 15:00:00,-6.48,42.27,0.0,1148.0,0,NP,0.0,False
2025-11-05 16:00:00,-6.982,48.07,0.0,1148.0,0,NP,0.0,False
2025-11-05 17:00:00,-5.716,26.81,0.0,1148.0,0,NP,0.0,False
2025-11-05 18:00:00,-5.561,18.2,0.0,1147.0,0,NP,0.0,False
2025-11-05 19:00:00,-7.9,25.97,0.0,1147.0,0,NP,0.0,False
2025-11-05 20:00:00,-6.421,19.99,0.0,1147.0,0,NP,0.0,False
2025-11-05 21:00:00,-5.484,11.64,0.0,1147.0,0,NP,0.0,False
2025-11-05 22:00:00,-5.497,12.34,0.0,1147.0,0,NP,0.0,False
2025-11-05 23:00:00,-5.374,13.69,0.0,1147.0,0,NP,0.0,False
2025-11-06 00:00:00,-5.648,14.84,0.0,1146.0,0,NP,0.0,False
2025-11-06 01:00:00,-5.091,12.73,0.0,1146.0,0,NP,0.0,False
2025-11-06 02:00:00,-5.475,14.07,0.0,1146.0,0,NP,0.0,False
2025-11-06 03:00:00,-5.355,20.1,0.0,1146.0,0,NP,0.0,False
2025-11-06 04:00:00,-1.434,20.83,0.0,1146.0,0.33,NP,0.0,False
2025-11-06 05:00:00,-3.38,32.75,0.0,1146.0,0,NP,0.0,False
2025-11-06 06:00:00,-1.474,29.34,0.0,1146.0,0,NP,0.0,False
2025-11-06 07:00:00,-0.639,41.43,0.0,1146.0,0,NP,0.0,False
2025-11-06 08:00:00,-1.342,54.63,0.0,1146.0,0,NP,0.0,False
2025-11-06 09:00:00,-2.832,71.04,0.0,1146.0,0,NP,0.0,False
2025-11-06 10:00:00,-4.047,85.2,0.0,1146.0,0,NP,0.0,False
2025-11-06 11:00:00,-3.97,37.37,0.0,1145.0,0,NP,0.0,False
2025-11-06 12:00:00,-4.479,51.11,0.0,1145.0,0,NP,0.0,False
2025-11-06 13:00:00,-3.624,17.11,0.0,1145.0,0,NP,0.0,False
2025-11-06 14:00:00,-3.509,13.66,0.0,1145.0,0,NP,0.0,False
2025-11-06 15:00:00,-6.099,22.42,0.0,1145.0,0,NP,0.0,False
2025-11-06 16:00:00,-6.372,18.63,0.0,1145.0,0,NP,0.0,False
2025-11-06 17:00:00,-3.691,10.49,0.0,1145.0,0,NP,0.0,False
2025-11-06 18:00:00,-4.857,21.27,0.0,1145.0,0,NP,0.0,False
2025-11-06 19:00:00,-5.53,13.47,0.0,1144.0,0,NP,0.0,False
2025-11-06 20:00:00,-5.508,15.67,0.0,1144.0,0,NP,0.0,False
2025-11-06 21:00:00,-5.399,11.86,0.0,1144.0,0,NP,0.0,False
2025-11-06 22:00:00,-3.782,9.54,0.0,1144.0,0,NP,0.0,False
2025-11-06 23:00:00,-4.15,8.76,0.0,1144.0,0,NP,0.0,False
2025-11-07 00:00:00,-6.297,17.26,0.0,1144.0,0,NP,0.0,False
2025-11-07 01:00:00,-3.823,8.16,0.0,1143.0,179.1,NP,0.0,False
2025-11-07 02:00:00,-5.471,13.31,0.0,1143.0,0,NP,0.0,False
2025-11-07 03:00:00,-3.437,17.02,0.0,1143.0,0,NP,0.0,False
2025-11-07 04:00:00,0.072,20.87,0.0,1143.0,0,NP,0.0,False
2025-11-07 05:00:00,0.756,22.9,0.0,1143.0,0,NP,0.0,False
2025-11-07 06:00:00,-0.639,38.02,0.0,1143.0,0,NP,0.0,False
2025-11-07 07:00:00,-1.387,34.16,0.0,1143.0,0,NP,0.0,False
2025-11-07 08:00:00,-0.143,50.46,0.0,1143.0,0,NP,0.0,False
2025-11-07 09:00:00,-1.418,69.09,0.0,1143.0,0,NP,0.0,False
2025-11-07 10:00:00,-3.42,90.5,0.0,1143.0,0,NP,0.0,False
2025-11-07 11:00:00,-5.07,89.1,0.0,1143.0,0,NP,0.0,False
2025-11-07 12:00:00,-5.971,78.39,0.0,1143.0,0,NP,0.0,False
2025-11-07 13:00:00,-5.749,64.76,0.0,1143.0,0,NP,0.0,False
2025-11-07 14:00:00,-4.656,23.09,0.0,1143.0,0,NP,0.0,False
2025-11-07 15:00:00,-6.29,25.22,0.0,1143.0,0,NP,0.0,False
2025-11-07 16:00:00,-3.977,16.75,0.0,1143.0,0,NP,0.0,False
2025-11-07 17:00:00,-3.687,14.3,0.0,1142.0,0,NP,0.0,False
2025-11-07 18:00:00,-4.69,14.73,0.0,1142.0,0,NP,0.0,False
2025-11-07 19:00:00,-4.325,12.57,0.0,1142.0,0,NP,0.0,False
2025-11-07 20:00:00,-3.786,11.69,0.0,1142.0,0,NP,0.0,False
2025-11-07 21:00:00,-4.234,11.92,0.0,1142.0,0,NP,0.0,False
2025-11-07 22:00:00,-4.3,10.24,0.0,1141.0,0,NP,0.0,False
2025-11-07 23:00:00,-6.103,18.9,0.0,1141.0,0,NP,0.0,False
2025-11-08 00:00:00,-4.47,8.34,0.0,1141.0,0,NP,0.0,False
2025-11-08 01:00:00,-7.088,12.57,0.0,1141.0,0,NP,0.0,False
2025-11-08 02:00:00,-7.273,14.32,0.0,1141.0,0,NP,0.0,False
2025-11-08 03:00:00,-4.339,15.08,0.0,1141.0,0,NP,0.0,False
2025-11-08 04:00:00,-1.656,20.06,0.0,1141.0,0.44,NP,0.0,False
2025-11-08 05:00:00,-1.103,23.01,0.0,1141.0,0,NP,0.0,False
2025-11-08 06:00:00,-0.288,26.05,0.0,1141.0,0,NP,0.0,False
2025-11-08 07:00:00,-0.557,32.17,0.0,1141.0,0,NP,0.0,False
2025-11-08 08:00:00,-0.952,38.88,0.0,1141.0,0,NP,0.0,False
2025-11-08 09:00:00,-2.34,70.26,0.0,1140.0,0,NP,0.0,False
2025-11-08 10:00:00,-4.549,82.4,0.0,1140.0,0,NP,0.0,False
2025-11-08 11:00:00,-5.611,82.5,0.0,1140.0,0,NP,0.0,False
2025-11-08 12:00:00,-4.637,41.35,0.0,1140.0,0,NP,0.0,False
2025-11-08 13:00:00,-3.438,18.4,0.0,1140.0,0,NP,0.0,False
2025-11-08 14:00:00,-1.982,11.23,0.0,1140.0,0,NP,0.0,False
2025-11-08 15:00:00,-2.831,14.47,0.0,1140.0,0,NP,0.0,False
2025-11-08 16:00:00,-3.152,11.94,0.0,1140.0,0,NP,0.0,False
2025-11-08 17:00:00,-3.726,14.86,0.0,1140.0,0,NP,0.0,False
2025-11-08 18:00:00,-3.541,10.42,0.0,1139.0,0,NP,0.0,False
2025-11-08 19:00:00,-4.659,12.9,0.0,1139.0,0,NP,0.0,False
2025-11-08 20:00:00,-4.501,11.03,0.0,1139.0,0,NP,0.0,False
2025-11-08 21:00:00,-5.787,14.77,0.0,1139.0,0,NP,0.0,False
2025-11-08 22:00:00,-8.04,17.37,0.0,1139.0,0,NP,0.0,False
2025-11-08 23:00:00,-8.21,23.49,0.0,1139.0,0,NP,0.0,False
2025-11-09 00:00:00,-6.607,13.42,0.0,1139.0,0,NP,0.0,False
2025-11-09 01:00:00,-7.358,18.08,0.0,1138.0,179.6,NP,0.0,False
2025-11-09 02:00:00,-6.787,20.17,0.0,1138.0,0,NP,0.0,False
2025-11-09 03:00:00,-3.69,13.48,0.0,1138.0,0,NP,0.0,False
2025-11-09 04:00:00,-2.113,10.52,0.0,1138.0,0.46,NP,0.0,False
2025-11-09 05:00:00,-1.798,12.39,0.0,1138.0,0,NP,0.0,False
2025-11-09 06:00:00,-1.049,11.32,0.0,1138.0,0,NP,0.0,False
2025-11-09 07:00:00,-1.66,13.47,0.0,1138.0,0,NP,0.0,False
2025-11-09 08:00:00,-1.023,12.7,0.0,1138.0,0,NP,0.0,False
2025-11-09 09:00:00,-0.646,11.86,0.0,1138.0,0,NP,0.0,False
2025-11-09 10:00:00,-1.79,11.38,0.0,1137.0,0,NP,0.0,False
2025-11-09 11:00:00,-1.855,11.39,0.0,1137.0,0,NP,0.0,False
2025-11-09 12:00:00,-2.278,11.66,0.0,1137.0,0,NP,0.0,False
2025-11-09 13:00:00,-2.263,8.41,0.0,1137.0,0,NP,0.0,False
2025-11-09 14:00:00,-2.906,10.12,0.0,1137.0,0,NP,0.0,False
2025-11-09 15:00:00,-3.227,14.28,0.0,1137.0,0,NP,0.0,False
2025-11-09 16:00:00,-3.668,11.83,0.0,1136.0,0,NP,0.0,False
2025-11-09 17:00:00,-3.918,10.7,0.0,1136.0,0,NP,0.0,False
2025-11-09 18:00:00,-3.178,8.83,0.0,1136.0,0,NP,0.0,False
2025-11-09 19:00:00,-3.329,12.44,0.0,1136.0,0,NP,0.0,False
2025-11-09 20:00:00,-3.803,13.37,0.0,1136.0,0,NP,0.0,False
2025-11-09 21:00:00,-2.921,7.986,0.0,1136.0,0,NP,0.0,False
2025-11-09 22:00:00,-3.27,8.96,0.0,1136.0,0,NP,0.0,False
2025-11-09 23:00:00,-2.96,7.421,0.0,1136.0,0,NP,0.0,False
2025-11-10 00:00:00,-5.284,13.85,0.0,1135.0,0,NP,0.0,False
2025-11-10 01:00:00,-3.246,8.23,0.0,1135.0,0,NP,0.0,False
2025-11-10 02:00:00,-3.431,10.62,0.0,1135.0,0,NP,0.0,False
2025-11-10 03:00:00,-1.358,9.46,0.0,1135.0,0,NP,0.0,False
2025-11-10 04:00:00,-1.371,15.27,0.0,1135.0,0.35,NP,0.0,False
2025-11-10 05:00:00,-1.051,11.74,0.0,1135.0,0,NP,0.0,False
2025-11-10 06:00:00,-0.296,15.57,51.0,1135.0,0,UP,0.0,False
2025-11-10 07:00:00,-0.622,17.39,0.0,1135.0,0,NP,0.0,False
2025-11-10 08:00:00,-0.802,18.52,0.0,1135.0,0,NP,0.0,False
2025-11-10 09:00:00,-1.687,12.71,0.0,1135.0,0,NP,0.0,False
2025-11-10 10:00:00,-2.722,16.16,0.0,1134.0,0,NP,0.0,False
2025-11-10 11:00:00,-2.891,15.85,0.0,1134.0,0,NP,0.0,False
2025-11-10 12:00:00,-2.826,12.95,0.0,1134.0,0,NP,0.0,False
2025-11-10 13:00:00,-2.712,13.1,0.0,1134.0,0,NP,0.0,False
2025-11-10 14:00:00,-3.54,16.54,0.0,1134.0,0,NP,0.0,False
2025-11-10 15:00:00,-3.364,11.46,0.0,1134.0,0,NP,0.0,False
2025-11-10 16:00:00,-4.659,19.64,0.0,1134.0,0,NP,0.0,False
2025-11-10 17:00:00,-4.833,13.63,0.0,1133.0,0,NP,0.0,False
2025-11-10 18:00:00,-5.402,15.83,0.0,1133.0,0,NP,0.0,False
2025-11-10 19:00:00,-4.354,12.52,0.0,1133.0,0,NP,0.0,False
2025-11-10 20:00:00,-4.321,12.33,0.0,1133.0,0,NP,0.0,False
2025-11-10 21:00:00,-4.209,11.36,0.0,1133.0,0,NP,0.0,False
2025-11-10 22:00:00,-3.998,10.74,0.0,1133.0,0,NP,0.0,False
2025-11-10 23:00:00,-4.452,13.01,0.0,1133.0,0,NP,0.0,False
2025-11-11 00:00:00,-5.114,12.99,0.0,1133.0,0,NP,0.0,False
2025-11-11 01:00:00,-5.524,16.05,0.0,1132.0,180.4,NP,0.0,False
2025-11-11 02:00:00,-6.241,20.68,0.0,1132.0,0,NP,0.0,False
2025-11-11 03:00:00,-2.647,11.86,0.0,1132.0,0,NP,0.0,False
2025-11-11 04:00:00,-1.161,16.38,0.0,1132.0,0.37,NP,0.0,False
2025-11-11 05:00:00,-0.165,15.8,0.0,1132.0,0,NP,0.0,False
2025-11-11 06:00:00,-1.09,12.84,0.0,1132.0,0,NP,0.0,False
2025-11-11 07:00:00,0.532,14.06,0.0,1132.0,0,NP,0.0,False
2025-11-11 08:00:00,-1.075,13.49,0.0,1132.0,0,NP,0.0,False
2025-11-11 09:00:00,-0.477,10.52,0.0,1132.0,0,NP,0.0,False
2025-11-11 10:00:00,-1.867,13.07,0.0,1132.0,0,NP,0.0,False
2025-11-11 11:00:00,-2.345,13.48,0.0,1131.0,0,NP,0.0,False
2025-11-11 12:00:00,-2.356,12.73,0.0,1131.0,0,NP,0.0,False
2025-11-11 13:00:00,-2.341,11.72,0.0,1131.0,0,NP,0.0,False
2025-11-11 14:00:00,-2.18,11.17,0.0,1131.0,0,NP,0.0,False
2025-11-11 15:00:00,-2.466,13.27,0.0,1131.0,0,NP,0.0,False
2025-11-11 16:00:00,-2.08,10.28,0.0,1131.0,0,NP,0.0,False
2025-11-11 17:00:00,-2.672,11.82,0.0,1131.0,0,NP,0.0,False
2025-11-11 18:00:00,-3.522,18.29,0.0,1131.0,0,NP,0.0,False
2025-11-11 19:00:00,-3.934,13.86,0.0,1130.0,0,NP,0.0,False
2025-11-11 20:00:00,-4.168,13.79,0.0,1130.0,0,NP,0.0,False
2025-11-11 21:00:00,-2.89,7.883,0.0,1130.0,0,NP,0.0,False
2025-11-11 22:00:00,-2.634,8.05,0.0,1130.0,0,NP,0.0,False
2025-11-11 23:00:00,-2.371,8.31,0.0,1130.0,0,NP,0.0,False
2025-11-12 00:00:00,-3.218,9.19,0.0,1130.0,0,NP,0.0,False
2025-11-12 01:00:00,-4.011,11.16,0.0,1130.0,0,NP,0.0,False
2025-11-12 02:00:00,-3.079,9.16,0.0,1130.0,0,NP,0.0,False
2025-11-12 03:00:00,-1.241,9.18,0.0,1129.0,0,NP,0.0,False
2025-11-12 04:00:00,-1.002,9.89,0.0,1129.0,0,NP,0.0,False
2025-11-12 05:00:00,0.108,10.72,0.0,1129.0,0,NP,0.0,False
2025-11-12 06:00:00,0.145,13.99,0.0,1129.0,0,NP,0.0,False
2025-11-12 07:00:00,-0.349,14.47,0.0,1129.0,0,NP,0.0,False
2025-11-12 08:00:00,0.017,11.88,0.0,1129.0,0,NP,0.0,False
2025-11-12 09:00:00,-0.508,11.16,0.0,1129.0,0,NP,0.0,False
2025-11-12 10:00:00,-0.876,7.441,0.0,1129.0,0,NP,0.0,False
2025-11-12 11:00:00,-1.39,9.74,0.0,1129.0,0,NP,0.0,False
2025-11-12 12:00:00,-1.322,8.76,0.0,1129.0,0,NP,0.0,False
2025-11-12 13:00:00,-1.374,9.67,0.0,1129.0,0,NP,0.0,False
2025-11-12 14:00:00,-2.11,10.51,0.0,1128.0,0,NP,0.0,False
2025-11-12 15:00:00,-2.161,10.42,0.0,1128.0,0,NP,0.0,False
2025-11-12 16:00:00,-1.317,7.789,0.0,1128.0,0,NP,0.0,False
2025-11-12 17:00:00,-2.455,10.45,0.0,1128.0,0,NP,0.0,False
2025-11-12 18:00:00,-2.267,10.13,0.0,1128.0,0,NP,0.0,False
2025-11-12 19:00:00,-2.679,9.87,0.0,1128.0,0,NP,0.0,False
2025-11-12 20:00:00,-3.929,15.1,0.0,1128.0,0,NP,0.0,False
2025-11-12 21:00:00,-2.36,9.44,0.0,1127.0,0,NP,0.0,False
2025-11-12 22:00:00,-2.666,9.05,0.0,1127.0,0,NP,0.0,False
2025-11-12 23:00:00,-2.35,8.9,0.0,1127.0,0,NP,0.0,False
2025-11-13 00:00:00,-1.966,8.72,0.0,1127.0,0,NP,0.0,False
2025-11-13 01:00:00,-2.256,9.29,0.0,1127.0,180.8,NP,0.0,False
2025-11-13 02:00:00,-2.627,10.28,0.0,1127.0,0,NP,0.0,False
2025-11-13 03:00:00,-0.862,11.74,0.0,1126.0,0,NP,0.0,False
2025-11-13 04:00:00,-0.189,12.22,0.0,1126.0,0,NP,0.0,False
2025-11-13 05:00:00,-0.171,14.02,0.0,1126.0,0,NP,0.0,False
2025-11-13 06:00:00,-0.397,14.39,0.0,1126.0,0,NP,0.0,False
2025-11-13 07:00:00,-0.331,16.68,0.0,1126.0,0,NP,0.0,False
2025-11-13 08:00:00,-0.45,16.08,0.0,1126.0,0,NP,0.0,False
2025-11-13 09:00:00,-1.051,14.21,0.0,1126.0,0,NP,0.0,False
2025-11-13 10:00:00,-1.796,12.97,0.0,1125.0,0,NP,0.0,False
2025-11-13 11:00:00,-2.557,14.85,0.0,1125.0,0,NP,0.0,False
2025-11-13 12:00:00,-2.634,12.37,0.0,1125.0,0,NP,0.0,False
2025-11-13 13:00:00,-2.414,10.82,0.0,1125.0,0,NP,0.0,False
2025-11-13 14:00:00,-2.085,9.52,0.0,1125.0,0,NP,0.0,False
2025-11-13 15:00:00,-2.352,11.6,0.0,1125.0,0,NP,0.0,False
2025-11-13 16:00:00,-2.879,12.53,0.0,1124.0,0,NP,0.0,False
2025-11-13 17:00:00,-2.903,10.55,0.0,1124.0,0,NP,0.0,False
2025-11-13 18:00:00,-3.365,10.82,0.0,1124.0,0,NP,0.0,False
2025-11-13 19:00:00,-2.953,9.5,0.0,1124.0,0,NP,0.0,False
2025-11-13 20:00:00,-3.245,9.64,0.0,1124.0,0,NP,0.0,False
2025-11-13 21:00:00,-3.058,10.29,0.0,1124.0,0,NP,0.0,False
2025-11-13 22:00:00,-4.905,12.81,0.0,1123.0,0,NP,0.0,False
2025-11-13 23:00:00,-5.621,14.47,0.0,1123.0,0,NP,0.0,False
2025-11-14 00:00:00,-5.357,13.56,0.0,1123.0,0,NP,0.0,False
2025-11-14 01:00:00,-5.024,10.01,0.0,1123.0,0,NP,0.0,False
2025-11-14 02:00:00,-5.01,13.18,0.0,1123.0,0,NP,0.0,False
2025-11-14 03:00:00,-2.946,13.0,0.0,1123.0,0,NP,0.0,False
2025-11-14 04:00:00,-1.937,13.75,0.0,1123.0,0,NP,0.0,False
2025-11-14 05:00:00,-1.304,16.22,0.0,1123.0,0,NP,0.0,False
2025-11-14 06:00:00,-0.607,17.7,0.0,1123.0,0,NP,0.0,False
2025-11-14 07:00:00,-1.139,18.55,0.0,1123.0,0,NP,0.0,False
2025-11-14 08:00:00,-0.753,17.74,0.0,92.5,0,NP,0.0,False
2025-11-14 09:00:00,-2.04,17.53,0.0,259.5,0.18,NP,167.0,False
2025-11-14 10:00:00,-2.811,19.83,0.0,259.3,0,NP,0.0,False
2025-11-14 11:00:00,-3.59,19.81,0.0,259.3,0,NP,0.0,False
2025-11-14 12:00:00,-4.204,19.34,0.0,259.3,0,NP,0.0,False
2025-11-14 13:00:00,-4.292,19.92,0.0,259.3,0,NP,0.0,False
2025-11-14 14:00:00,-4.751,19.86,0.0,259.2,0,NP,0.0,False
2025-11-14 15:00:00,-5.12,20.18,0.0,259.2,0,NP,0.0,False
2025-11-14 16:00:00,-4.566,17.3,0.0,259.2,0,NP,0.0,False
2025-11-14 17:00:00,-4.993,19.63,0.0,259.2,0,NP,0.0,False
2025-11-14 18:00:00,-5.297,17.23,0.0,259.2,0,NP,0.0,False
2025-11-14 19:00:00,-5.625,16.51,0.0,259.2,0,NP,0.0,False
2025-11-14 20:00:00,-6.655,20.89,0.0,259.2,0,NP,0.0,False
2025-11-14 21:00:00,-7.235,21.58,0.0,259.2,0,NP,0.0,False
2025-11-14 22:00:00,-7.887,25.97,0.0,259.2,0,NP,0.0,False
2025-11-14 23:00:00,-7.386,19.38,0.0,259.2,0,NP,0.0,False
2025-11-15 00:00:00,-8.34,19.23,0.0,259.2,0,NP,0.0,False
2025-11-15 01:00:00,-9.59,21.73,0.0,259.1,180.9,NP,0.0,False
2025-11-15 02:00:00,-9.49,21.91,0.0,259.1,0,NP,0.0,False
2025-11-15 03:00:00,-4.62,14.48,0.0,259.2,0,NP,0.1,False
2025-11-15 04:00:00,-2.618,18.42,0.0,259.4,0,NP,0.2,False
2025-11-15 05:00:00,-2.763,13.42,0.0,259.1,0,NP,0.0,False
2025-11-15 06:00:00,-2.043,10.51,0.0,259.2,0,NP,0.1,False
2025-11-15 07:00:00,-1.541,18.91,0.0,259.1,0.09,NP,0.0,False
2025-11-15 08:00:00,-1.61,16.71,0.0,259.0,0,NP,0.0,False
2025-11-15 09:00:00,-2.292,20.3,0.0,259.0,0,NP,0.0,False
2025-11-15 10:00:00,-3.521,24.85,0.0,258.9,0,NP,0.0,False
2025-11-15 11:00:00,-4.818,27.93,0.0,258.8,0,NP,0.0,False
2025-11-15 12:00:00,-6.455,22.41,0.0,258.8,0,NP,0.0,False
2025-11-15 13:00:00,-6.339,26.99,0.0,258.8,0,NP,0.0,False
2025-11-15 14:00:00,-5.624,11.97,0.0,258.8,0,NP,0.0,False
2025-11-15 15:00:00,-6.232,14.0,0.0,258.8,0,NP,0.0,False
2025-11-15 16:00:00,-5.18,7.101,0.0,258.8,0,NP,0.0,False
2025-11-15 17:00:00,-6.28,12.84,0.0,258.8,0,NP,0.0,False
2025-11-15 18:00:00,-5.573,11.39,0.0,258.8,0,NP,0.0,False
2025-11-15 19:00:00,-7.645,26.29,0.0,258.8,0,NP,0.0,False
2025-11-15 20:00:00,-7.38,18.99,0.0,258.8,0,NP,0.0,False
2025-11-15 21:00:00,-7.433,20.85,0.0,258.8,0,NP,0.0,False
2025-11-15 22:00:00,-8.51,17.19,0.0,258.7,0,NP,0.0,False
2025-11-15 23:00:00,-8.1,16.08,0.0,258.7,0,NP,0.0,False
2025-11-16 00:00:00,-8.43,20.65,0.0,258.7,0,NP,0.0,False
2025-11-16 01:00:00,-7.65,16.35,0.0,258.7,0,NP,0.0,False
2025-11-16 02:00:00,-7.856,15.94,0.0,258.7,0,NP,0.0,False
2025-11-16 03:00:00,-4.302,10.27,0.0,258.8,0,NP,0.1,False
2025-11-16 04:00:00,-3.607,15.91,0.0,258.8,0,NP,0.0,False
2025-11-16 05:00:00,-2.987,18.51,0.0,258.8,0,NP,0.0,False
2025-11-16 06:00:00,-2.31,18.13,0.0,258.8,0,NP,0.0,False
2025-11-16 07:00:00,-2.353,14.62,0.0,258.7,0,NP,0.0,False
2025-11-16 08:00:00,-2.534,16.99,0.0,258.7,0,NP,0.0,False
2025-11-16 09:00:00,-2.126,19.61,0.0,258.7,0,NP,0.0,False
2025-11-16 10:00:00,-4.153,24.75,0.0,258.6,0,NP,0.0,False
2025-11-16 11:00:00,-5.634,30.86,0.0,258.5,0,NP,0.0,False
2025-11-16 12:00:00,-6.606,33.33,0.0,258.5,0,NP,0.0,False
2025-11-16 13:00:00,-6.195,23.35,0.0,258.5,0,NP,0.0,False
2025-11-16 14:00:00,-6.699,23.58,0.0,258.5,0,NP,0.0,False
2025-11-16 15:00:00,-6.999,23.67,0.0,258.5,0,NP,0.0,False
2025-11-16 16:00:00,-7.175,22.93,0.0,258.4,0,NP,0.0,False
2025-11-16 17:00:00,-7.284,19.46,0.0,258.5,0,NP,0.1,False
2025-11-16 18:00:00,-7.471,18.9,0.0,258.4,0,NP,0.0,False
2025-11-16 19:00:00,-7.638,18.2,0.0,258.4,0,NP,0.0,False
2025-11-16 20:00:00,-7.619,14.77,0.0,258.4,0,NP,0.0,False
2025-11-16 21:00:00,-7.073,12.94,0.0,258.4,0,NP,0.0,False
2025-11-16 22:00:00,-6.296,11.39,0.0,258.4,0,NP,0.0,False
2025-11-16 23:00:00,-6.497,11.96,0.0,258.4,0,NP,0.0,False
2025-11-17 00:00:00,-7.646,13.85,0.0,258.3,0,NP,0.0,False
2025-11-17 01:00:00,-6.168,11.63,0.0,258.4,181,NP,0.1,False
2025-11-17 02:00:00,-6.844,12.65,0.0,258.3,0,NP,0.0,False
2025-11-17 03:00:00,-5.289,18.34,0.0,258.3,0,NP,0.0,False
2025-11-17 04:00:00,-3.838,25.38,0.0,258.4,0,NP,0.1,False
2025-11-17 05:00:00,-2.201,22.18,0.0,258.4,0,NP,0.0,False
2025-11-17 06:00:00,-2.35,25.8,0.0,258.4,0,NP,0.0,False
2025-11-17 07:00:00,-2.054,20.22,0.0,258.4,0,NP,0.0,False
2025-11-17 08:00:00,-0.39,20.95,0.0,258.3,0,NP,0.0,False
2025-11-17 09:00:00,-1.449,24.56,0.0,258.3,0,NP,0.0,False
2025-11-17 10:00:00,-3.901,39.51,0.0,258.2,0,NP,0.0,False
2025-11-17 11:00:00,-5.578,47.22,0.0,258.1,0,NP,0.0,False
2025-11-17 12:00:00,-6.999,55.9,0.0,258.1,0,NP,0.0,False
2025-11-17 13:00:00,-7.901,55.7,0.0,258.1,0,NP,0.0,False
2025-11-17 14:00:00,-7.663,55.3,0.0,258.1,0,NP,0.0,False
2025-11-17 15:00:00,-7.823,54.21,0.0,258.1,0,NP,0.0,False
2025-11-17 16:00:00,-8.33,46.41,0.0,258.1,0,NP,0.0,False
2025-11-17 17:00:00,-8.67,51.64,0.0,258.1,0,NP,0.0,False
2025-11-17 18:00:00,-8.66,47.21,0.0,258.1,0,NP,0.0,False
2025-11-17 19:00:00,-8.67,43.11,0.0,258.1,0,NP,0.0,False
2025-11-17 20:00:00,-10.02,56.17,0.0,258.0,0,NP,0.0,False
2025-11-17 21:00:00,-9.68,46.92,0.0,258.0,0,NP,0.0,False
2025-11-17 22:00:00,-9.66,37.03,0.0,258.0,0,NP,0.0,False
2025-11-17 23:00:00,-9.44,42.1,0.0,258.0,0,NP,0.0,False
2025-11-18 00:00:00,-10.84,51.85,0.0,258.0,0,NP,0.0,False
2025-11-18 01:00:00,-9.97,41.46,0.0,258.0,0,NP,0.0,False
2025-11-18 02:00:00,-9.54,44.23,0.0,258.0,0,NP,0.0,False
2025-11-18 03:00:00,-6.68,44.59,0.0,258.1,0,NP,0.1,False
2025-11-18 04:00:00,-3.211,31.77,0.0,258.1,0,NP,0.0,False
2025-11-18 05:00:00,-4.291,38.12,0.0,258.1,0,NP,0.0,False
2025-11-18 06:00:00,-3.115,40.24,0.0,258.1,0,NP,0.0,False
2025-11-18 07:00:00,-1.899,47.09,0.0,258.1,0,NP,0.0,False
2025-11-18 08:00:00,-1.418,40.9,0.0,258.1,0,NP,0.0,False
2025-11-18 09:00:00,-2.215,44.39,0.0,258.0,0,NP,0.0,False
2025-11-18 10:00:00,-4.613,60.8,0.0,257.9,0,NP,0.0,False
2025-11-18 11:00:00,-5.751,71.86,0.0,257.9,0,NP,0.0,False
2025-11-18 12:00:00,-6.673,72.29,0.0,257.9,0,NP,0.0,False
2025-11-18 13:00:00,-5.669,43.38,0.0,257.9,0,NP,0.0,False
2025-11-18 14:00:00,-5.731,36.17,0.0,257.9,0,NP,0.0,False
2025-11-18 15:00:00,-6.374,35.65,0.0,257.9,0,NP,0.0,False
2025-11-18 16:00:00,-7.229,45.89,0.0,257.9,0,NP,0.0,False
2025-11-18 17:00:00,-7.67,44.24,0.0,257.8,0,NP,0.0,False
2025-11-18 18:00:00,-8.03,42.87,0.0,257.8,0,NP,0.0,False
2025-11-18 19:00:00,-7.422,35.63,0.0,257.8,0,NP,0.0,False
2025-11-18 20:00:00,-7.553,34.35,0.0,257.8,0,NP,0.0,False
2025-11-18 21:00:00,-7.861,34.99,0.0,257.8,0,NP,0.0,False
2025-11-18 22:00:00,-6.958,27.24,0.0,257.8,0,NP,0.0,False
2025-11-18 23:00:00,-5.742,19.84,0.0,257.8,0,NP,0.0,False
2025-11-19 00:00:00,-7.148,28.92,0.0,257.8,0,NP,0.0,False
2025-11-19 01:00:00,-7.947,30.82,0.0,257.8,181,NP,0.0,False
2025-11-19 02:00:00,-7.627,30.89,0.0,257.8,0,NP,0.0,False
2025-11-19 03:00:00,-4.476,27.13,0.0,257.8,0,NP,0.0,False
2025-11-19 04:00:00,-3.293,34.57,0.0,257.8,0,NP,0.0,False
2025-11-19 05:00:00,-2.712,42.66,0.0,257.8,0,NP,0.0,False
2025-11-19 06:00:00,-2.871,53.86,0.0,257.9,0,NP,0.1,False
2025-11-19 07:00:00,-2.649,57.19,0.0,257.9,0,NP,0.0,False
2025-11-19 08:00:00,-2.441,60.49,0.0,257.8,0,NP,0.0,False
2025-11-19 09:00:00,-2.825,63.02,0.0,257.8,0,NP,0.0,False
2025-11-19 10:00:00,-4.542,75.12,0.0,257.7,0,NP,0.0,False
2025-11-19 11:00:00,-5.375,57.88,0.0,257.7,0,NP,0.0,False
2025-11-19 12:00:00,-5.781,44.23,0.0,257.7,0,NP,0.0,False
2025-11-19 13:00:00,-6.26,47.08,0.0,257.7,0,NP,0.0,False
2025-11-19 14:00:00,-6.816,45.29,0.0,257.7,0,NP,0.0,False
2025-11-19 15:00:00,-7.597,41.85,0.0,257.6,0,NP,0.0,False
2025-11-19 16:00:00,-7.862,46.84,0.0,257.6,0,NP,0.0,False
2025-11-19 17:00:00,-8.13,43.74,0.0,257.6,0,NP,0.0,False
2025-11-19 18:00:00,-7.992,41.55,0.0,257.6,0,NP,0.0,False
2025-11-19 19:00:00,-9.0,36.2,0.0,257.6,0,NP,0.0,False
2025-11-19 20:00:00,-8.34,36.03,0.0,257.6,0,NP,0.0,False
2025-11-19 21:00:00,-8.47,35.64,0.0,257.6,0,NP,0.0,False
2025-11-19 22:00:00,-8.33,31.27,0.0,257.6,0,NP,0.0,False
2025-11-19 23:00:00,-8.95,36.42,0.0,257.6,0,NP,0.0,False
2025-11-20 00:00:00,-7.619,25.86,0.0,257.6,0,NP,0.0,False
2025-11-20 01:00:00,-7.89,27.59,0.0,257.6,0,NP,0.0,False
2025-11-20 02:00:00,-7.896,30.28,0.0,257.6,0,NP,0.0,False
2025-11-20 03:00:00,-3.836,24.68,0.0,257.6,0,NP,0.0,False
2025-11-20 04:00:00,-1.903,36.44,0.0,257.6,0,NP,0.0,False
2025-11-20 05:00:00,-3.395,38.61,0.0,257.6,0,NP,0.0,False
2025-11-20 06:00:00,-2.672,49.37,0.0,257.7,0,NP,0.1,False
2025-11-20 07:00:00,-1.293,54.27,0.0,257.7,0,NP,0.0,False
2025-11-20 08:00:00,-2.135,60.67,0.0,257.7,0,NP,0.0,False
2025-11-20 09:00:00,-1.785,71.86,0.0,257.6,0,NP,0.0,False
2025-11-20 10:00:00,-4.004,87.2,0.0,257.6,0,NP,0.0,False
2025-11-20 11:00:00,-4.702,93.7,0.0,257.6,0,NP,0.0,False
2025-11-20 12:00:00,-6.686,99.1,0.0,257.6,0,NP,0.0,False
2025-11-20 13:00:00,-5.358,69.11,0.0,257.6,0,NP,0.0,False
2025-11-20 14:00:00,-6.786,64.18,0.0,257.5,0,NP,0.0,False
2025-11-20 15:00:00,-7.476,64.82,0.0,257.5,0,NP,0.0,False
2025-11-20 16:00:00,-7.403,63.92,0.0,257.5,0,NP,0.0,False
2025-11-20 17:00:00,-7.243,53.66,0.0,257.5,0,NP,0.0,False
2025-11-20 18:00:00,-7.613,44.98,0.0,257.5,0,NP,0.0,False
2025-11-20 19:00:00,-8.84,50.83,0.0,257.5,0,NP,0.0,False
2025-11-20 20:00:00,-8.38,44.24,0.0,257.5,0,NP,0.0,False
2025-11-20 21:00:00,-7.515,35.81,0.0,257.5,0,NP,0.0,False
2025-11-20 22:00:00,-7.387,36.87,0.0,257.5,0,NP,0.0,False
2025-11-20 23:00:00,-7.841,31.65,0.0,257.5,0,NP,0.0,False
2025-11-21 00:00:00,-7.713,31.09,0.0,257.5,0,NP,0.0,False
2025-11-21 01:00:00,-8.37,36.24,0.0,257.5,181,NP,0.0,False
2025-11-21 02:00:00,-9.14,39.96,0.0,257.5,0,NP,0.0,False
2025-11-21 03:00:00,-4.947,27.69,0.0,257.5,0,NP,0.0,False
2025-11-21 04:00:00,-2.407,30.83,0.0,257.5,0,NP,0.0,False
2025-11-21 05:00:00,-2.769,40.34,0.0,257.5,0,NP,0.0,False
2025-11-21 06:00:00,-2.15,40.1,0.0,257.6,0,NP,0.1,False
2025-11-21 07:00:00,-2.359,45.23,0.0,257.6,0,NP,0.0,False
2025-11-21 08:00:00,-2.832,53.61,0.0,257.6,0,NP,0.0,False
2025-11-21 09:00:00,-3.934,52.56,0.0,257.6,0,NP,0.0,False
2025-11-21 10:00:00,-5.718,59.54,0.0,257.6,0,NP,0.0,False
2025-11-21 11:00:00,-8.13,98.6,0.0,257.6,0,NP,0.0,False
2025-11-21 12:00:00,-8.61,99.9,0.0,257.5,0,NP,0.0,False
2025-11-21 13:00:00,-8.2,89.3,0.0,257.5,0,NP,0.0,False
2025-11-21 14:00:00,-6.553,60.04,0.0,257.5,0,NP,0.0,False
2025-11-21 15:00:00,-5.972,40.41,0.0,257.5,0,NP,0.0,False
2025-11-21 16:00:00,-6.922,45.97,0.0,257.5,0,NP,0.0,False
2025-11-21 17:00:00,-6.471,36.88,0.0,257.5,0,NP,0.0,False
2025-11-21 18:00:00,-7.985,42.69,0.0,257.5,0,NP,0.0,False
2025-11-21 19:00:00,-6.885,37.2,0.0,257.5,0,NP,0.0,False
2025-11-21 20:00:00,-6.264,22.48,0.0,257.5,0,NP,0.0,False
2025-11-21 21:00:00,-5.743,20.72,0.0,257.5,0,NP,0.0,False
2025-11-21 22:00:00,-4.796,15.93,0.0,257.5,0,NP,0.0,False
2025-11-21 23:00:00,-4.095,13.85,0.0,257.5,0,NP,0.0,False
2025-11-22 00:00:00,-4.284,16.96,0.0,257.5,0,NP,0.0,False
2025-11-22 01:00:00,-4.061,12.93,0.0,257.5,0,NP,0.0,False
2025-11-22 02:00:00,-4.61,15.34,0.0,257.5,0,NP,0.0,False
2025-11-22 03:00:00,-2.653,12.46,0.0,257.5,0,NP,0.0,False
2025-11-22 04:00:00,-2.258,15.49,0.0,257.5,0,NP,0.0,False
2025-11-22 05:00:00,-1.9,15.88,0.0,257.6,0,NP,0.1,False
2025-11-22 06:00:00,-2.138,26.6,0.0,257.6,0,NP,0.0,False
2025-11-22 07:00:00,-2.044,12.68,0.0,257.6,0,NP,0.0,False
2025-11-22 08:00:00,-1.304,12.84,0.0,257.6,0,NP,0.0,False
2025-11-22 09:00:00,-1.77,11.74,0.0,257.6,0,NP,0.0,False
2025-11-22 10:00:00,-2.797,13.98,0.0,257.5,0,NP,0.0,False
2025-11-22 11:00:00,-3.423,10.91,0.0,257.6,0,NP,0.1,False
2025-11-22 12:00:00,-3.284,9.81,0.0,257.5,0,NP,0.0,False
2025-11-22 13:00:00,-3.806,11.13,0.0,257.5,0,NP,0.0,False
2025-11-22 14:00:00,-3.23,9.81,0.0,257.5,0,NP,0.0,False
2025-11-22 15:00:00,-3.179,10.24,0.0,257.5,0,NP,0.0,False
2025-11-22 16:00:00,-3.305,11.24,0.0,257.5,0,NP,0.0,False
2025-11-22 17:00:00,-3.622,11.88,0.0,257.5,0,NP,0.0,False
2025-11-22 18:00:00,-4.302,15.85,0.0,257.5,0,NP,0.0,False
2025-11-22 19:00:00,-4.197,14.74,0.0,257.5,0,NP,0.0,False
2025-11-22 20:00:00,-4.347,12.36,0.0,257.5,0,NP,0.0,False
2025-11-22 21:00:00,-4.388,11.2,0.0,257.5,0,NP,0.0,False
2025-11-22 22:00:00,-5.373,13.74,0.0,257.5,0,NP,0.0,False
2025-11-22 23:00:00,-6.554,15.12,0.0,257.5,0,NP,0.0,False
2025-11-23 00:00:00,-5.497,10.09,0.0,257.5,0,NP,0.0,False
2025-11-23 01:00:00,-5.255,9.39,0.0,257.5,181,NP,0.0,False
2025-11-23 02:00:00,-5.89,9.47,0.0,257.5,0,NP,0.0,False
2025-11-23 03:00:00,-3.325,9.72,0.0,257.5,0,NP,0.0,False
2025-11-23 04:00:00,-2.294,8.26,0.0,257.5,0,NP,0.0,False
2025-11-23 05:00:00,-2.158,11.21,0.0,257.5,0,NP,0.0,False
2025-11-23 06:00:00,-2.301,14.22,0.0,257.6,0,NP,0.1,False
2025-11-23 07:00:00,-1.95,16.09,0.0,257.6,0,NP,0.0,False
2025-11-23 08:00:00,-2.109,13.76,0.0,257.6,0,NP,0.0,False
2025-11-23 09:00:00,-2.566,12.81,0.0,257.6,0,NP,0.0,False
2025-11-23 10:00:00,-3.618,12.18,0.0,257.5,0,NP,0.0,False
2025-11-23 11:00:00,-3.983,9.14,0.0,257.5,0,NP,0.0,False
2025-11-23 12:00:00,-4.044,10.03,0.0,257.5,0,NP,0.0,False
2025-11-23 13:00:00,-4.321,9.91,0.0,257.5,0,NP,0.0,False
2025-11-23 14:00:00,-3.75,6.95,0.0,257.5,0,NP,0.0,False
2025-11-23 15:00:00,-3.928,7.664,0.0,257.5,0,NP,0.0,False
2025-11-23 16:00:00,-4.26,10.52,0.0,257.5,0,NP,0.0,False
2025-11-23 17:00:00,-3.659,6.701,0.0,257.5,0,NP,0.0,False
2025-11-23 18:00:00,-4.105,6.911,0.0,257.5,0,NP,0.0,False
2025-11-23 19:00:00,-4.007,5.852,0.0,257.5,0,NP,0.0,False
2025-11-23 20:00:00,-4.857,8.31,0.0,257.5,0,NP,0.0,False
2025-11-23 21:00:00,-5.692,10.41,0.0,257.5,0,NP,0.0,False
2025-11-23 22:00:00,-5.122,10.51,0.0,257.5,0,NP,0.0,False
2025-11-23 23:00:00,-4.193,7.691,0.0,257.5,0,NP,0.0,False
2025-11-24 00:00:00,-3.948,5.32,0.0,257.5,0,NP,0.0,False
2025-11-24 01:00:00,-4.029,7.24,0.0,257.5,0,NP,0.0,False
2025-11-24 02:00:00,-4.203,8.51,0.0,257.5,0,NP,0.0,False
2025-11-24 03:00:00,-2.292,7.672,0.0,257.5,0,NP,0.0,False
2025-11-24 04:00:00,-1.797,11.93,0.0,257.5,0,NP,0.0,False
2025-11-24 05:00:00,-1.777,13.58,0.0,257.5,0,NP,0.0,False
2025-11-24 06:00:00,-1.323,14.79,0.0,257.6,0,NP,0.1,False
2025-11-24 07:00:00,-1.678,13.71,0.0,257.6,0,NP,0.0,False
2025-11-24 08:00:00,-2.138,18.53,0.0,257.6,0,NP,0.0,False
2025-11-24 09:00:00,-2.488,16.91,0.0,257.6,0,NP,0.0,False
2025-11-24 10:00:00,-2.913,11.31,0.0,257.5,0,NP,0.0,False
2025-11-24 11:00:00,-2.872,10.23,0.0,257.5,0,NP,0.0,False
2025-11-24 12:00:00,-3.487,11.88,0.0,257.5,0,NP,0.0,False
2025-11-24 13:00:00,-3.13,8.75,0.0,257.5,0,NP,0.0,False
2025-11-24 14:00:00,-3.249,8.9,0.0,257.5,0,NP,0.0,False
2025-11-24 15:00:00,-3.276,9.51,0.0,257.5,0,NP,0.0,False
2025-11-24 16:00:00,-3.295,7.889,0.0,257.5,0,NP,0.0,False
2025-11-24 17:00:00,-4.009,11.23,0.0,257.5,0,NP,0.0,False
2025-11-24 18:00:00,-5.029,12.14,0.0,257.5,0,NP,0.0,False
2025-11-24 19:00:00,-4.946,12.61,0.0,257.5,0,NP,0.0,False
2025-11-24 20:00:00,-3.359,8.76,0.0,257.5,0,NP,0.0,False
2025-11-24 21:00:00,-3.891,9.7,0.0,257.5,0,NP,0.0,False
2025-11-24 22:00:00,-4.132,9.19,0.0,257.5,0,NP,0.0,False
2025-11-24 23:00:00,-4.77,9.47,0.0,257.5,0,NP,0.0,False
2025-11-25 00:00:00,-4.068,9.06,0.0,257.5,0,NP,0.0,False
2025-11-25 01:00:00,-4.158,7.938,0.0,257.5,181,NP,0.0,False
2025-11-25 02:00:00,-4.682,9.73,0.0,257.5,0,NP,0.0,False
2025-11-25 03:00:00,-2.663,9.26,0.0,257.5,0,NP,0.0,False
2025-11-25 04:00:00,-1.96,11.34,0.0,257.5,0,NP,0.0,False
2025-11-25 05:00:00,-1.33,9.42,0.0,257.5,0,NP,0.0,False
2025-11-25 06:00:00,-1.696,12.44,0.0,257.6,0,NP,0.1,False
2025-11-25 07:00:00,-1.653,12.64,0.0,257.6,0,NP,0.0,False
2025-11-25 08:00:00,-1.847,12.81,0.0,257.6,0,NP,0.0,False
2025-11-25 09:00:00,-1.945,12.53,0.0,257.6,0,NP,0.0,False
2025-11-25 10:00:00,-2.816,13.11,0.0,257.5,0,NP,0.0,False
2025-11-25 11:00:00,-3.358,13.97,0.0,257.5,0,NP,0.0,False
2025-11-25 12:00:00,-3.575,12.56,0.0,257.5,0,NP,0.0,False
2025-11-25 13:00:00,-4.063,16.26,0.0,257.5,0,NP,0.0,False
2025-11-25 14:00:00,-4.227,14.86,0.0,257.5,0,NP,0.0,False
2025-11-25 15:00:00,-4.357,17.2,0.0,257.5,0,NP,0.0,False
2025-11-25 16:00:00,-4.67,16.16,0.0,257.5,0,NP,0.0,False
2025-11-25 17:00:00,-5.184,15.6,0.0,257.5,0,NP,0.0,False
2025-11-25 18:00:00,-6.352,20.92,0.0,257.5,0,NP,0.0,False
2025-11-25 19:00:00,-7.181,23.1,0.0,257.5,0,NP,0.0,False
2025-11-25 20:00:00,-5.4,13.17,0.0,257.5,0,NP,0.0,False
2025-11-25 21:00:00,-6.284,17.57,0.0,257.5,0,NP,0.0,False
2025-11-25 22:00:00,-4.844,11.67,0.0,257.5,0,NP,0.0,False
2025-11-25 23:00:00,-4.03,8.98,0.0,257.5,0,NP,0.0,False
2025-11-26 00:00:00,-6.7,18.88,0.0,257.5,0,NP,0.0,False
2025-11-26 01:00:00,-6.41,16.27,0.0,257.5,0,NP,0.0,False
2025-11-26 02:00:00,-7.876,29.48,0.0,257.5,0,NP,0.0,False
2025-11-26 03:00:00,-3.716,20.77,0.0,257.5,0,NP,0.0,False
2025-11-26 04:00:00,-2.77,20.27,0.0,257.5,0,NP,0.0,False
2025-11-26 05:00:00,-0.816,17.72,0.0,257.5,0,NP,0.0,False
2025-11-26 06:00:00,-1.191,19.19,0.0,257.6,0,NP,0.1,False
2025-11-26 07:00:00,-0.901,18.78,0.0,257.6,0,NP,0.0,False
2025-11-26 08:00:00,-0.339,13.71,0.0,257.6,0,NP,0.0,False
2025-11-26 09:00:00,-0.327,14.05,0.0,257.6,0,NP,0.0,False
2025-11-26 10:00:00,-2.084,23.88,0.0,257.5,0,NP,0.0,False
2025-11-26 11:00:00,-3.36,26.46,0.0,257.5,0,NP,0.0,False
2025-11-26 12:00:00,-5.268,40.17,0.0,257.5,0,NP,0.0,False
2025-11-26 13:00:00,-5.416,33.56,0.0,257.5,0,NP,0.0,False
2025-11-26 14:00:00,-6.369,34.41,0.0,257.5,0,NP,0.0,False
2025-11-26 15:00:00,-6.328,33.15,0.0,257.5,0,NP,0.0,False
2025-11-26 16:00:00,-6.503,37.43,0.0,257.5,0,NP,0.0,False
2025-11-26 17:00:00,-6.418,30.19,0.0,257.5,0,NP,0.0,False
2025-11-26 18:00:00,-6.631,36.13,0.0,257.5,0,NP,0.0,False
2025-11-26 19:00:00,-6.051,23.74,0.0,257.5,0,NP,0.0,False
2025-11-26 20:00:00,-6.216,29.53,0.0,257.5,0,NP,0.0,False
2025-11-26 21:00:00,-6.786,29.5,0.0,257.5,0,NP,0.0,False
2025-11-26 22:00:00,-6.573,29.17,0.0,257.5,0,NP,0.0,False
2025-11-26 23:00:00,-6.908,21.99,0.0,257.5,0,NP,0.0,False
2025-11-27 00:00:00,-5.82,16.38,0.0,257.5,0,NP,0.0,False
2025-11-27 01:00:00,-5.575,18.34,0.0,257.5,181,NP,0.0,False
